{
  "accuracy": 0.8954423592493298,
  "precision": 0.9162011173184358,
  "recall": 0.8723404255319149,
  "f1": 0.8937329700272479,
  "roc_auc": 0.9651236342725704
}