{"accuracy": [0.7420435547828674, 0.8207705020904541, 0.8380792737007141, 0.85594642162323, 0.8710217475891113, 0.8738135099411011, 0.874930202960968, 0.8927972912788391, 0.6767169237136841, 0.8017867207527161, 0.8269123435020447, 0.8246789574623108, 0.8509212732315063, 0.8721384406089783], "loss": [0.5354391932487488, 0.3963451087474823, 0.3543083965778351, 0.32934269309043884, 0.3110429346561432, 0.2915646731853485, 0.29370763897895813, 0.26100748777389526, 0.8824473023414612, 0.4545208811759949, 0.3769313395023346, 0.36135661602020264, 0.3176390826702118, 0.2930058240890503], "precision": [0.75, 0.8385598063468933, 0.8528735637664795, 0.8653846383094788, 0.8785151839256287, 0.8826184868812561, 0.8794642686843872, 0.9054669737815857, 0.6174982190132141, 0.7850467562675476, 0.8344594836235046, 0.8344671130180359, 0.8550724387168884, 0.8770949840545654], "recall": [0.7334070801734924, 0.7986725568771362, 0.8207964897155762, 0.846238911151886, 0.86393803358078, 0.8650442361831665, 0.8716813921928406, 0.8794247508049011, 0.9446902871131897, 0.8362832069396973, 0.8196902871131897, 0.8141592741012573, 0.8484513163566589, 0.8683628439903259], "val_accuracy": [0.801261842250824, 0.8138801455497742, 0.8170347213745117, 0.8328076004981995, 0.8706624507904053, 0.8643532991409302, 0.8927444815635681, 0.8675078749656677, 0.886435329914093, 0.8832807540893555, 0.8675078749656677, 0.8769716024398804, 0.8738170266151428, 0.8706624507904053], "val_loss": [0.39045652747154236, 0.3590858578681946, 0.3812333941459656, 0.3345765769481659, 0.2601708173751831, 0.2905460000038147, 0.24539925158023834, 0.2736600637435913, 0.2616369426250458, 0.27478352189064026, 0.28347495198249817, 0.2772105932235718, 0.2822611331939697, 0.2857010066509247], "val_precision": [0.753926694393158, 0.7671957612037659, 0.7475728392601013, 0.7743589878082275, 0.8399999737739563, 0.8128342032432556, 0.8620689511299133, 0.8172042965888977, 0.9189189076423645, 0.9127516746520996, 0.8734177350997925, 0.8903225660324097, 0.8999999761581421, 0.8888888955116272], "val_recall": [0.8999999761581421, 0.90625, 0.9624999761581421, 0.9437500238418579, 0.918749988079071, 0.949999988079071, 0.9375, 0.949999988079071, 0.8500000238418579, 0.8500000238418579, 0.862500011920929, 0.862500011920929, 0.84375, 0.8500000238418579], "learning_rate": [0.0010000000474974513, 0.0010000000474974513, 0.0010000000474974513, 0.0010000000474974513, 0.0010000000474974513, 0.0010000000474974513, 0.0010000000474974513, 0.0010000000474974513, 9.999999747378752e-06, 9.999999747378752e-06, 9.999999747378752e-06, 9.999999747378752e-06, 4.999999873689376e-06, 4.999999873689376e-06]}